{"cameraMode":{"drawMode":0,"name":"Shaded","section":"Shading Mode"},"sceneLighting":false,"audioPlay":false,"sceneViewState":{"showFog":true,"showMaterialUpdate":false,"showSkybox":false,"showFlares":true,"showImageEffects":true,"showParticleSystems":true},"in2DMode":false,"pivot":{"x":140.7850341796875,"y":13.147811889648438,"z":-46.56653594970703},"rotation":{"x":0.0819428339600563,"y":0.7108201384544373,"z":0.08397513628005982,"w":-0.6935536861419678},"size":2.944551706314087,"orthographic":false}