{"cameraMode":{"drawMode":0,"name":"Shaded","section":"Shading Mode"},"sceneLighting":true,"audioPlay":false,"sceneViewState":{"showFog":true,"showMaterialUpdate":false,"showSkybox":true,"showFlares":true,"showImageEffects":true,"showParticleSystems":true},"in2DMode":false,"pivot":{"x":202.3699188232422,"y":1.1588544845581055,"z":159.8588104248047},"rotation":{"x":0.2696891725063324,"y":-0.13807129859924317,"z":0.03910905122756958,"w":0.9521982669830322},"size":3.376939058303833,"orthographic":true}