{"cameraMode":{"drawMode":0,"name":"Shaded","section":"Shading Mode"},"sceneLighting":true,"audioPlay":false,"sceneViewState":{"showFog":true,"showMaterialUpdate":false,"showSkybox":true,"showFlares":true,"showImageEffects":true,"showParticleSystems":true},"in2DMode":false,"pivot":{"x":102.45059967041016,"y":-1.87109375,"z":48.5556640625},"rotation":{"x":0.26673415303230288,"y":0.000836073886603117,"z":-0.00023725241771899164,"w":0.963784396648407},"size":8.78788948059082,"orthographic":true}