{"cameraMode":{"drawMode":0,"name":"Shaded","section":"Shading Mode"},"sceneLighting":true,"audioPlay":false,"sceneViewState":{"showFog":true,"showMaterialUpdate":false,"showSkybox":true,"showFlares":true,"showImageEffects":true,"showParticleSystems":true},"in2DMode":false,"pivot":{"x":94.4473876953125,"y":0.08193594217300415,"z":35.73128890991211},"rotation":{"x":0.08168744295835495,"y":0.29016005992889407,"z":-0.024896852672100068,"w":0.953181803226471},"size":5.105810165405273,"orthographic":true}