{"cameraMode":{"drawMode":0,"name":"Shaded","section":"Shading Mode"},"sceneLighting":true,"audioPlay":false,"sceneViewState":{"showFog":true,"showMaterialUpdate":false,"showSkybox":true,"showFlares":true,"showImageEffects":true,"showParticleSystems":true},"in2DMode":false,"pivot":{"x":102.638427734375,"y":-1.803955078125,"z":37.757080078125},"rotation":{"x":-0.299919992685318,"y":0.008322986774146557,"z":-0.0034791515208780767,"w":-0.9543579816818237},"size":3.2418744564056398,"orthographic":true}