{"cameraMode":{"drawMode":0,"name":"Shaded","section":"Shading Mode"},"sceneLighting":true,"audioPlay":false,"sceneViewState":{"showFog":true,"showMaterialUpdate":false,"showSkybox":true,"showFlares":true,"showImageEffects":true,"showParticleSystems":true},"in2DMode":false,"pivot":{"x":304.1325988769531,"y":151.54254150390626,"z":-41.390384674072269},"rotation":{"x":0.0419771634042263,"y":0.022774912416934968,"z":-0.0009756737854331732,"w":0.9988753795623779},"size":464.08697509765627,"orthographic":true}