{"cameraMode":{"drawMode":0,"name":"Shaded","section":"Shading Mode"},"sceneLighting":false,"audioPlay":false,"sceneViewState":{"showFog":true,"showMaterialUpdate":false,"showSkybox":false,"showFlares":true,"showImageEffects":true,"showParticleSystems":true},"in2DMode":false,"pivot":{"x":25.086566925048829,"y":2.8048505783081056,"z":16.29166603088379},"rotation":{"x":0.2435562163591385,"y":-0.020616961643099786,"z":0.0050698211416602139,"w":0.9700096845626831},"size":10.0,"orthographic":true}