{"cameraMode":{"drawMode":0,"name":"Shaded","section":"Shading Mode"},"sceneLighting":false,"audioPlay":false,"sceneViewState":{"showFog":true,"showMaterialUpdate":false,"showSkybox":false,"showFlares":true,"showImageEffects":true,"showParticleSystems":true},"in2DMode":false,"pivot":{"x":0.41433757543563845,"y":1.5971544981002808,"z":0.4812467098236084},"rotation":{"x":-0.34229522943496706,"y":-0.5585556030273438,"z":0.27083274722099306,"w":-0.7058802247047424},"size":2.1551334857940676,"orthographic":true}