{"cameraMode":{"drawMode":0,"name":"Shaded","section":"Shading Mode"},"sceneLighting":true,"audioPlay":false,"sceneViewState":{"showFog":true,"showMaterialUpdate":false,"showSkybox":true,"showFlares":true,"showImageEffects":true,"showParticleSystems":true},"in2DMode":false,"pivot":{"x":-15.458914756774903,"y":2.7696962356567385,"z":-4.368894577026367},"rotation":{"x":-0.0919615626335144,"y":0.9052587151527405,"z":-0.32839080691337588,"w":-0.25346001982688906},"size":1.3963086605072022,"orthographic":false}