{"cameraMode":{"drawMode":0,"name":"Shaded","section":"Shading Mode"},"sceneLighting":false,"audioPlay":false,"sceneViewState":{"showFog":true,"showMaterialUpdate":false,"showSkybox":false,"showFlares":true,"showImageEffects":true,"showParticleSystems":true},"in2DMode":false,"pivot":{"x":0.0000019073486328125,"y":0.43852996826171877,"z":-0.000009059906005859375},"rotation":{"x":0.2435562163591385,"y":-0.020616961643099786,"z":0.0050698211416602139,"w":0.9700096845626831},"size":16.77044677734375,"orthographic":true}