{"cameraMode":{"drawMode":0,"name":"Shaded","section":"Shading Mode"},"sceneLighting":false,"audioPlay":false,"sceneViewState":{"showFog":true,"showMaterialUpdate":false,"showSkybox":false,"showFlares":true,"showImageEffects":true,"showParticleSystems":true},"in2DMode":false,"pivot":{"x":-819.7280883789063,"y":397.9079895019531,"z":-1642.7296142578125},"rotation":{"x":-0.2677117586135864,"y":-0.5575334429740906,"z":0.19743068516254426,"w":-0.7609694600105286},"size":20.20456886291504,"orthographic":true}