{"cameraMode":{"drawMode":0,"name":"Shaded","section":"Shading Mode"},"sceneLighting":false,"audioPlay":false,"sceneViewState":{"showFog":true,"showMaterialUpdate":false,"showSkybox":false,"showFlares":true,"showImageEffects":true,"showParticleSystems":true},"in2DMode":false,"pivot":{"x":112.00552368164063,"y":285.1311340332031,"z":220.22877502441407},"rotation":{"x":0.323684424161911,"y":-0.6767253875732422,"z":0.4552450478076935,"w":0.4801732897758484},"size":9.895442962646485,"orthographic":true}