{"cameraMode":{"drawMode":0,"name":"Shaded","section":"Shading Mode"},"sceneLighting":false,"audioPlay":false,"sceneViewState":{"showFog":true,"showMaterialUpdate":false,"showSkybox":false,"showFlares":true,"showImageEffects":true,"showParticleSystems":true},"in2DMode":false,"pivot":{"x":409.1859436035156,"y":371.66522216796877,"z":-230.30772399902345},"rotation":{"x":-0.5206574201583862,"y":-0.10100183635950089,"z":0.06371018290519715,"w":-0.8457116484642029},"size":31.616147994995118,"orthographic":true}