{"cameraMode":{"drawMode":0,"name":"Shaded","section":"Shading Mode"},"sceneLighting":false,"audioPlay":false,"sceneViewState":{"showFog":true,"showMaterialUpdate":false,"showSkybox":false,"showFlares":true,"showImageEffects":true,"showParticleSystems":true},"in2DMode":false,"pivot":{"x":0.0,"y":3.6236186027526857,"z":3.5762786865234377e-7},"rotation":{"x":0.001364147407002747,"y":-0.9938235878944397,"z":0.11076979339122772,"w":0.012223233468830586},"size":4.192307472229004,"orthographic":true}