{"cameraMode":{"drawMode":0,"name":"Shaded","section":"Shading Mode"},"sceneLighting":true,"audioPlay":false,"sceneViewState":{"showFog":true,"showMaterialUpdate":false,"showSkybox":false,"showFlares":true,"showImageEffects":true,"showParticleSystems":true},"in2DMode":false,"pivot":{"x":-0.0113372802734375,"y":3.607999801635742,"z":-0.006805419921875},"rotation":{"x":-0.2970629930496216,"y":-0.004504841286689043,"z":0.0018284411635249854,"w":-0.9552570581436157},"size":13.603527069091797,"orthographic":true}