{"cameraMode":{"drawMode":0,"name":"Shaded","section":"Shading Mode"},"sceneLighting":false,"audioPlay":false,"sceneViewState":{"showFog":true,"showMaterialUpdate":false,"showSkybox":false,"showFlares":true,"showImageEffects":true,"showParticleSystems":true},"in2DMode":false,"pivot":{"x":0.2770538330078125,"y":5.000676155090332,"z":-1.3960332870483399},"rotation":{"x":-0.01595573127269745,"y":-0.9695054888725281,"z":0.2357364296913147,"w":-0.06706369668245316},"size":13.751603126525879,"orthographic":true}