{"cameraMode":{"drawMode":0,"name":"Shaded","section":"Shading Mode"},"sceneLighting":false,"audioPlay":false,"sceneViewState":{"showFog":true,"showMaterialUpdate":false,"showSkybox":false,"showFlares":true,"showImageEffects":true,"showParticleSystems":true},"in2DMode":false,"pivot":{"x":-0.021156787872314454,"y":3.3211920261383058,"z":0.020182669162750245},"rotation":{"x":-0.1520678550004959,"y":-0.6855288743972778,"z":0.15112324059009553,"w":-0.6961976289749146},"size":4.042166233062744,"orthographic":true}