{"cameraMode":{"drawMode":0,"name":"Shaded","section":"Shading Mode"},"sceneLighting":false,"audioPlay":false,"sceneViewState":{"showFog":true,"showMaterialUpdate":false,"showSkybox":false,"showFlares":true,"showImageEffects":true,"showParticleSystems":true},"in2DMode":false,"pivot":{"x":102.03099822998047,"y":1.13100004196167,"z":34.90599822998047},"rotation":{"x":0.036308977752923968,"y":0.9634027481079102,"z":-0.19931013882160188,"w":0.17560727894306184},"size":0.10278677940368653,"orthographic":true}