{"cameraMode":{"drawMode":0,"name":"Shaded","section":"Shading Mode"},"sceneLighting":true,"audioPlay":false,"sceneViewState":{"showFog":true,"showMaterialUpdate":false,"showSkybox":true,"showFlares":true,"showImageEffects":true,"showParticleSystems":true},"in2DMode":false,"pivot":{"x":88.75115966796875,"y":-28.297725677490236,"z":-22.606121063232423},"rotation":{"x":0.31271055340766909,"y":0.634489119052887,"z":-0.3131009638309479,"w":0.6337366104125977},"size":31.261770248413087,"orthographic":false}