{"cameraMode":{"drawMode":0,"name":"Shaded","section":"Shading Mode"},"sceneLighting":false,"audioPlay":false,"sceneViewState":{"showFog":true,"showMaterialUpdate":false,"showSkybox":false,"showFlares":true,"showImageEffects":true,"showParticleSystems":true},"in2DMode":false,"pivot":{"x":0.0000019073486328125,"y":0.26451361179351809,"z":0.00000858306884765625},"rotation":{"x":0.6107813119888306,"y":-0.019376685842871667,"z":0.014542601071298123,"w":0.7918657660484314},"size":15.04509449005127,"orthographic":true}