{"cameraMode":{"drawMode":0,"name":"Shaded","section":"Shading Mode"},"sceneLighting":true,"audioPlay":false,"sceneViewState":{"showFog":true,"showMaterialUpdate":false,"showSkybox":true,"showFlares":true,"showImageEffects":true,"showParticleSystems":true},"in2DMode":false,"pivot":{"x":-35.25398635864258,"y":5.246683120727539,"z":-18.117462158203126},"rotation":{"x":0.11643420904874802,"y":0.2756519615650177,"z":-0.033657535910606387,"w":0.9535863995552063},"size":6.569655895233154,"orthographic":false}