{"cameraMode":{"drawMode":0,"name":"Shaded","section":"Shading Mode"},"sceneLighting":false,"audioPlay":false,"sceneViewState":{"showFog":true,"showMaterialUpdate":false,"showSkybox":false,"showFlares":true,"showImageEffects":true,"showParticleSystems":true},"in2DMode":false,"pivot":{"x":0.2170122265815735,"y":0.5671389102935791,"z":-0.06051981449127197},"rotation":{"x":-0.299919992685318,"y":0.008322986774146557,"z":-0.0034791515208780767,"w":-0.9543579816818237},"size":1.6858795881271363,"orthographic":true}