{"cameraMode":{"drawMode":0,"name":"Shaded","section":"Shading Mode"},"sceneLighting":false,"audioPlay":false,"sceneViewState":{"showFog":true,"showMaterialUpdate":false,"showSkybox":false,"showFlares":true,"showImageEffects":true,"showParticleSystems":true},"in2DMode":false,"pivot":{"x":316.934326171875,"y":-0.13548612594604493,"z":228.50405883789063},"rotation":{"x":-0.6831365823745728,"y":-0.020402569323778154,"z":0.019091913476586343,"w":-0.7297638058662415},"size":37.04178237915039,"orthographic":true}