{"cameraMode":{"drawMode":0,"name":"Shaded","section":"Shading Mode"},"sceneLighting":false,"audioPlay":false,"sceneViewState":{"showFog":true,"showMaterialUpdate":false,"showSkybox":false,"showFlares":true,"showImageEffects":true,"showParticleSystems":true},"in2DMode":false,"pivot":{"x":1.1036880016326905,"y":1.6089999675750733,"z":-2.264230489730835},"rotation":{"x":0.2758711278438568,"y":0.7226719856262207,"z":-0.47430887818336489,"w":0.4203261435031891},"size":1.8912688493728638,"orthographic":false}