{"cameraMode":{"drawMode":0,"name":"Shaded","section":"Shading Mode"},"sceneLighting":true,"audioPlay":false,"sceneViewState":{"showFog":true,"showMaterialUpdate":false,"showSkybox":false,"showFlares":true,"showImageEffects":true,"showParticleSystems":true},"in2DMode":false,"pivot":{"x":304.01409912109377,"y":8.975605010986329,"z":225.47447204589845},"rotation":{"x":0.47365930676460268,"y":0.013210078701376915,"z":-0.0071062990464270119,"w":0.8805831074714661},"size":344.481689453125,"orthographic":true}