{"cameraMode":{"drawMode":0,"name":"Shaded","section":"Shading Mode"},"sceneLighting":false,"audioPlay":false,"sceneViewState":{"showFog":true,"showMaterialUpdate":false,"showSkybox":false,"showFlares":true,"showImageEffects":true,"showParticleSystems":true},"in2DMode":false,"pivot":{"x":285.5421142578125,"y":-79.2169189453125,"z":299.9118347167969},"rotation":{"x":-0.3998914062976837,"y":-0.5368682146072388,"z":0.6703078150749207,"w":-0.3202613592147827},"size":199.4364471435547,"orthographic":false}