{"cameraMode":{"drawMode":0,"name":"Shaded","section":"Shading Mode"},"sceneLighting":false,"audioPlay":false,"sceneViewState":{"showFog":true,"showMaterialUpdate":false,"showSkybox":false,"showFlares":true,"showImageEffects":true,"showParticleSystems":true},"in2DMode":false,"pivot":{"x":404.1349182128906,"y":-7.703125,"z":241.62890625},"rotation":{"x":-0.6302746534347534,"y":-0.0030659788753837349,"z":0.0024834871292114259,"w":-0.7763692736625671},"size":114.94734954833985,"orthographic":true}