{"cameraMode":{"drawMode":0,"name":"Shaded","section":"Shading Mode"},"sceneLighting":true,"audioPlay":false,"sceneViewState":{"showFog":true,"showMaterialUpdate":false,"showSkybox":false,"showFlares":true,"showImageEffects":true,"showParticleSystems":true},"in2DMode":false,"pivot":{"x":304.01409912109377,"y":8.975605010986329,"z":225.47447204589845},"rotation":{"x":-0.6302746534347534,"y":-0.0030659788753837349,"z":0.0024834871292114259,"w":-0.7763692736625671},"size":344.481689453125,"orthographic":true}