{"cameraMode":{"drawMode":0,"name":"Shaded","section":"Shading Mode"},"sceneLighting":false,"audioPlay":false,"sceneViewState":{"showFog":true,"showMaterialUpdate":false,"showSkybox":false,"showFlares":true,"showImageEffects":true,"showParticleSystems":true},"in2DMode":false,"pivot":{"x":212.17088317871095,"y":348.2188720703125,"z":-137.79006958007813},"rotation":{"x":-0.4339168965816498,"y":0.5408062934875488,"z":-0.6088413000106812,"w":-0.3854483664035797},"size":51.00415802001953,"orthographic":false}