{"cameraMode":{"drawMode":0,"name":"Shaded","section":"Shading Mode"},"sceneLighting":true,"audioPlay":false,"sceneViewState":{"showFog":true,"showMaterialUpdate":false,"showSkybox":false,"showFlares":true,"showImageEffects":true,"showParticleSystems":true},"in2DMode":false,"pivot":{"x":343.83447265625,"y":8.975605010986329,"z":281.88543701171877},"rotation":{"x":0.22162900865077973,"y":-0.013160637579858303,"z":0.003006153739988804,"w":0.9750585556030273},"size":278.8751220703125,"orthographic":true}