{"cameraMode":{"drawMode":0,"name":"Shaded","section":"Shading Mode"},"sceneLighting":false,"audioPlay":false,"sceneViewState":{"showFog":true,"showMaterialUpdate":false,"showSkybox":false,"showFlares":true,"showImageEffects":true,"showParticleSystems":true},"in2DMode":false,"pivot":{"x":329.81927490234377,"y":-0.12611055374145509,"z":337.79998779296877},"rotation":{"x":0.34656837582588198,"y":0.02110426127910614,"z":-0.007796839810907841,"w":0.9377648234367371},"size":397.81195068359377,"orthographic":true}