{"cameraMode":{"drawMode":0,"name":"Shaded","section":"Shading Mode"},"sceneLighting":false,"audioPlay":false,"sceneViewState":{"showFog":true,"showMaterialUpdate":false,"showSkybox":false,"showFlares":true,"showImageEffects":true,"showParticleSystems":true},"in2DMode":false,"pivot":{"x":103.18193817138672,"y":284.5632019042969,"z":219.70571899414063},"rotation":{"x":-0.008321268483996392,"y":-0.9810782670974731,"z":0.18917757272720338,"w":-0.041751403361558917},"size":9.895442962646485,"orthographic":false}